X1,X2,X3,X4
5.386111568192156,3.873486780282559,1.6265935547154171,0.30853388073835986
5.247803579567591,3.9568805054613305,1.0571837970191729,0.2481496857954005
5.088169047763191,3.809926507367302,1.1955431027545607,0.3138468278806068
4.675196455410468,3.72860436782931,1.3312280196342758,0.25858535794130916
4.853380453748832,3.5535566115599675,1.498409796649557,0.333659253064774
4.777822848446497,3.0791170927436315,1.3691669206484198,0.2803495840372098
5.296894241726423,2.9617969447909682,1.5109494202518818,0.37655886871876
5.102049362102262,3.4215815910499643,1.3547349824116006,0.2470125018355513
3.972486099077493,2.4232655115618034,1.4702370283905284,0.24740845494136476
5.223273709854652,3.766977127915369,1.4921813441953384,0.021281670230646865
5.3126155205748695,3.6015285527116165,1.4362296699902521,0.33671020742871005
5.209839872279961,3.3250639149628562,1.7619191895655537,0.39075631574651454
5.712320302930723,3.906684003190974,1.7611533052819974,0.18680903912452526
5.176521872587496,3.5445791899638937,1.4632804649759323,0.0652527508765422
5.428715872691836,3.4441499218612486,1.3020054070649825,0.3708437853231533
5.066885088845908,3.5165166379109394,1.709848608644067,0.1679668680689289
4.604956904231982,2.3963557951189083,1.3050744626622228,0.2660947805783691
4.965073388510376,3.164707121573472,1.5642228061826224,0.21327483264350233
4.553867846224104,3.0186036861925576,1.237453722201904,0.35847505650700434
5.146778399032913,3.6196214845177894,1.6413137987870976,0.2852431385984287
5.230804238698227,3.302309435978443,1.5454658922097582,0.2744081101812796
4.958378757137346,3.27444616793914,1.54884551670945,0.27565753933624737
5.054782290860795,3.7459246167534226,1.4670988780411123,0.10469843008387195
4.649253472936191,2.700825490844993,1.4112192754557396,0.24514032031021996
4.623730303204901,3.1177743033674754,1.3262955743859244,0.1274016236361794
5.139748553661876,3.6475826667140447,1.4004088547530054,0.25130067473554324
4.992153816538214,3.7222487903436923,1.399177886396613,0.4286200681432297
5.716566845942939,3.5762425506954805,1.3748648791699352,0.3874943231798167
4.816254041258348,3.5215036459831985,1.352076358225007,0.2276058297829479
5.086226076794026,3.577531632596761,1.8092369841828921,0.19794037258210734
5.366330486797245,3.445974131259731,1.4116176414024848,0.3438048435141396
4.799452184038835,3.399981508577466,1.5550166143799689,0.3678435756908585
5.236299505174143,3.649350433388562,1.385794504012831,0.22710815790167307
4.90607281148848,3.273804383881642,1.3658867889185693,0.23072687501335223
4.549089613297005,3.0059431540865993,1.2397616892967231,0.2394355294112802
4.519389260737146,3.08377944399126,1.5877773931867594,0.13806937567334793
5.072181471772123,3.3625223684900956,1.4904590373569813,0.09853803806836564
5.054853815329652,3.7646738392816443,1.4189053089074541,0.2457341408282572
4.9438183492244265,3.47381315968034,1.4994269352283316,0.2558093520561432
4.365213584164362,3.032713116168317,1.1864201411185766,0.16654675317120757
5.191451531413918,3.812954111265185,1.6201926600109193,0.3259350576573077
4.713768015000851,2.9969012840081013,1.354023991082029,0.2980069275916653
4.666488284610629,3.0261271100269083,1.4453727371255476,0.36892285819504145
5.201477564064327,3.509073885631637,1.3841878327661217,0.2781666718024624
5.338365565211627,4.326475631238175,1.7995141434906043,0.3241335668547964
5.317473579838825,3.3535188016575144,1.7458875399904703,0.33070807291676096
4.831736951093556,3.728202872512016,1.4324910545212786,0.12394377241934086
4.843355647706231,3.8155798141000914,1.5211100076858686,0.40591997256306156
5.037793247549911,3.361195990199835,1.2730005574809762,0.24513845381582766
4.909994555518603,3.05138751406448,1.5581156162498182,0.2687900724576907
5.0791424546288715,3.3158680598241657,1.3796951745418975,0.18426924464859673
4.947124584892224,3.3695529333662217,1.39940257048615,0.32122238007410747
4.5224803550362385,2.8275861595579705,1.494612784682157,0.11962167695759851
4.7267730071432705,3.3069839724918038,1.2876686893680642,0.2722276488643176
5.035464429618575,3.628937439313065,1.022269897400538,0.1450733617741808
5.5209712696929545,3.223347072790622,1.5223427725372434,0.2713853090380096
4.8264030638028395,3.2884092705924517,1.390272660904981,0.2935773282323294
4.9700394609309555,3.194830130042688,1.6680172817018315,0.25598258252141554
5.265337087182303,3.864283936654832,1.7030345395354456,0.2579687136299046
5.799022591684231,4.204090539850654,1.4192693916934604,0.36402574617219574
4.7754433341463045,3.512013328486849,1.4585093315805164,0.33167230869889075
5.358974790507229,3.752265135337181,1.5867540388450538,0.2553448436045313
4.596622764854683,3.326567578937536,1.2955792348984339,0.17141311927141345
5.669637453858979,4.2280688272656,1.4864166200640065,0.21970851114088236
5.234627275761489,3.73954555090863,1.4440363225651367,0.2061396034934303
4.642894379468851,2.8265971662393143,1.545600453508301,0.40191598855978516
4.763089166566215,3.031287561698722,1.1807063146481163,0.26413065891319754
5.648438513190838,3.828170536591121,1.6096998642331868,0.4049675112325344
4.696522128261274,2.853007535466678,1.3171959974450411,0.34926799454385205
5.259220902992407,3.837492905344625,1.5904534690169103,0.39782944975473256
4.997409899616194,3.7132030398939087,1.3553118935822557,0.40803853327588663
4.776161395887206,3.9241771891454365,1.254544954072548,0.13607908886079761
5.249353096680926,3.2958400953622298,1.3909631612748603,0.24375637214067938
4.626627460301639,2.946486602690273,1.228390612920514,0.21977914584690808
4.994961824947096,3.555026900630234,1.1510419235112461,0.3232901238794282
4.646259928651609,3.1458652562227667,1.4961535030978397,-0.10722504715129463
5.032340108790682,3.2257742659440263,1.4785249812508052,0.29175432791168926
5.295750310765432,3.718441773221892,1.5967684986995287,0.5048526171605187
5.170811358483217,3.6080375700134386,1.7171556226120135,0.41458710491997336
5.6954650777176195,3.800843367465468,1.5298206847043123,0.3165074169133926
4.75835717309539,3.200628225822029,1.7700399652094227,0.2095169584998129
5.524169106971632,3.872153338034783,1.4845825652160924,0.08789315426407937
4.90732144730424,3.632050275723185,1.6544487882422416,0.1872589944421683
5.052847169150395,3.9253605356699013,1.3892859173217453,0.22038980286128595
4.842414020686452,3.914081702541319,1.5134500554890757,0.2760562686689473
4.844305537114518,3.2271236095957603,1.273912235891752,0.18474205914968303
4.970621751708842,3.3770835252867677,1.7193792223787558,0.28414715630201165
5.038922252396153,3.5189016133697932,1.3689627781519593,0.3116463885018105
4.514624854436934,3.006793148258831,1.4359610427215026,0.12085811857456719
4.995796133688701,3.587178271866125,1.4149532221908023,0.1693903887901323
4.771467830721349,3.1670776623820407,1.3311172634880135,0.15119632105764969
4.995463451778359,3.419502117288345,1.7637741181252418,0.4041076045758617
4.9486661274246915,3.121232293448367,1.596636733123637,0.20132085397891236
5.050477773011419,3.548673300607328,1.6868549625374272,0.23294284307887275
4.691602372878302,3.346094159145362,1.7498149440678903,0.308292492206055
5.628108723864707,3.848352603226112,1.4342316027436484,0.320971218040517
5.078391500076088,3.6470775630932426,1.2257210802647132,0.26170850203275137
5.180456977595557,3.616859378867837,1.4059213885719823,0.26190104283840077
5.089717707974014,3.705459303425509,1.3080797948752778,0.33922995408412504
4.786210542553792,3.297409657550425,1.707432953704294,0.3082802130121398
5.3509043101036005,3.853089952721279,1.9470745323564407,0.4158188218511879
5.815153776926876,4.4464433912918775,1.6591996587300522,0.45548174523528207
5.1032138995561285,3.4570916244946344,1.6405990225607276,0.2139818374667601
4.906837704812642,3.1539343419814747,1.3494300461856965,0.1733049112199937
5.081984871018772,3.693470879348344,1.283322265064729,0.13111017787668977
4.587460633270221,3.0777599835761844,1.588149835046155,0.25832853851697524
5.5214393391107945,3.5719728238393986,1.5952149224541197,0.1460162159689997
5.490083093807783,4.152632354902059,1.4247630019982036,0.30823441953482056
5.451182660265876,3.75209099482566,1.7556196371158217,0.3497676529815829
4.985253301796105,3.7584061719185873,1.5461398207747095,0.24876775804619675
5.196902378680983,3.7383904631813736,1.5616345023942366,0.22893844412510816
5.08464716345111,3.246124182164429,1.715340503156351,0.2611332046290394
4.925544764678751,3.373327503772623,1.7379902241688185,0.3660727862212783
4.9018355148046995,3.0776192743563406,1.3863487615007815,0.1023535216255958
5.690802040968949,4.4215937562370655,1.4560388780175761,0.2885621160037232
5.56669358796232,4.102127536824824,1.4598476499271205,0.25481303414381856
4.087754915551061,2.712310720778295,1.2992416338050685,0.06927237997096752
5.058783703345965,3.6155504995008276,1.3062159448829318,0.4053716001004325
4.684240858382305,2.860826533636371,1.6304505404539875,0.30316419122429095
5.359140262025174,3.561528225002886,1.4437462021271443,0.19650833505591506
4.4871367479027935,3.0474098687736886,1.0376443849564914,0.13209400835271523
4.614456152491353,3.0032932645638195,1.5708565934715424,0.1721330803302214
4.448611252297396,2.8797487558541466,1.394081697179398,0.285933405836637
5.395282921011075,3.3843312662198093,1.4109746540144605,0.36721565363036374
5.061745800833178,3.0931733133733372,1.5065614907173708,0.18559179806904294
4.7333742026075605,2.9686186833457153,1.2936813573083628,0.3010343648085976
5.020281565651779,3.328813400260938,1.2902743075095482,0.16675890350210332
4.575067105742403,2.947267910792156,1.2315915339292125,0.18048432307112464
4.666741571446249,2.9644739164745793,1.3903506632835267,0.32040745457487513
5.034775442837978,3.251261903123326,1.4964498000274273,0.2386681492820924
4.612963738613512,2.7398306664175847,1.5113062242565296,0.24750657503259435
5.208208295934439,3.4797771327078015,1.6764209373337027,0.13797071210732562
4.777289004560881,2.9985747914865586,1.4179804674193095,0.27860520479964845
4.985241936602319,3.2374477715040615,1.3787409265777424,0.1782858320778036
5.149509190629624,3.7451527782247855,1.3523143584928532,0.33582506997404116
4.607295733946426,2.9567221963160044,1.438645234358573,0.35871431160525985
4.974624187044196,2.959392850130804,1.595107730684059,0.2246795985867261
4.694889014375641,2.857827637506091,1.4587710100686062,0.25221015799911095
5.159670086860594,3.5019797437812037,1.1247763099712738,0.2495732358644586
5.350992617508885,3.7266631339493306,1.8913828404755901,0.12378812346191524
4.967737513635205,3.057892180812034,1.070870090585808,0.10729209750993071
5.206175505288005,3.2501548282249906,1.7772882440203426,0.2514374838748014
5.381301004110839,3.88400557812625,1.5157874084643583,0.22516752806912055
5.332710824701579,3.3075008152610104,1.3294316970851314,0.32156396503599116
4.946196484311369,3.2805191453718083,1.2760661053508455,0.43882396620384034
5.167235008120652,3.6057434072008157,1.5442530729507014,0.2065908957033733
5.487761669460821,3.454081381741077,1.4978553593246218,0.17132040171008608
4.84729736627639,3.7415870056282228,1.3864528104732523,0.27502099840680694
4.445449630269226,3.0882998782567834,1.6658393139569239,0.3638839517308354
5.440101034444544,3.4132756693619197,1.5023547268849844,0.2680484155860433
4.5278713233479,3.0034924090930373,1.4346928269351158,0.20664680107006217
5.484987313496012,3.6091931211332255,1.5975079222311073,0.2385907223837763
5.220619720317221,4.17447020132868,1.703115839902315,0.2559424363000127
4.956315532569902,3.547313902448952,1.5055731323818662,0.4388755660291187
5.1050525920916,3.750055391200183,1.666837934832254,0.38934568214126114
5.303335209659248,3.8797217901827925,1.6740418171734825,0.22190088371838296
4.971896592657556,3.6887088739017333,1.460198531936824,0.37218311756542266
4.4223217666718035,2.6529213653741275,1.1018354457622936,0.15176409448300066
5.291599066086878,4.080959383477148,1.5660504428453037,0.26390424975264354
5.385423880262933,3.9272744143489753,1.7565457279294407,0.3286391253027889
5.265107155238167,3.3397066691401323,1.4607131005640526,0.30124955010167287
4.8568703467151675,3.6011131245469072,1.1935861534658259,0.1427912524709755
4.907498504377037,3.5698859850382503,1.6162417868483525,0.3235436312557857
4.870806942542653,3.4470770201492824,1.6111127320913634,0.44184586790151853
5.656748525567158,3.7696022160359126,1.5366598069423487,0.28086016935837266
5.0167156133612485,3.289400939641247,1.1516164261851674,0.18152010338132535
4.618668808769819,3.350172102721402,1.2881640100855696,0.29023580843405666
5.348645349775429,3.554308669731278,1.4193306144529692,0.37540064545427415
5.072000431888186,3.305250991909269,1.4893715648860713,0.2570900695778801
4.761318733275917,3.1187150265857415,1.3703053195930308,0.14514234318479172
5.164375929528975,3.3642198745803746,1.3538308880873513,0.2574859151305039
4.365063056961999,3.106337271801463,1.516741449476256,0.15051106026161512
4.495145171725657,2.9055288793516016,1.3024762465726778,0.16135341407096065
5.309631319558569,3.5884102690771615,1.5218497138236893,0.29536971093932485
4.575377376029855,2.7371249355921607,1.3517984265828602,0.31013007198710296
5.365555079680073,3.5017606747820436,1.2696444603414911,0.08436085584331579
4.476882235210596,2.9962200815507605,1.5770976900298068,0.22016718742711822
4.565490681409228,3.04730615308264,1.4819444447539039,0.2995837010067073
4.724236787239615,2.9932840975847346,1.4807938716613152,0.14798963698703882
4.581270898238761,3.1126448751458264,1.431866602863304,0.10224412524441465
4.807022835001763,3.210798904604691,1.3634038881698884,0.23918330457654144
4.641039763174913,3.015249138495886,1.357873435292458,0.08160974598257914
4.9175622606171485,4.179681214811105,1.3895617370351785,0.34790919871724363
4.577078629353459,3.1323255707643325,1.3566013648686486,0.05094116884670616
4.737011680342919,2.917807847169814,1.1612962206464301,-0.015350728787803108
4.939174707920929,2.951090893368588,1.3922036957408157,0.18154647987825107
4.848200205946276,3.3729016043173146,1.607039989742034,0.20700274749572783
5.090045305974515,3.4687166874702586,1.4541614964854435,0.27704410098656324
4.695739233598697,3.5408927405279362,1.7466061052926571,0.23497390910578742
5.176585442817888,3.4714818312059825,1.3931049252890453,0.1831462196677631
5.434216692491159,4.123688622300282,1.633232197615817,0.3356738167093182
5.392787792931289,3.8979370283952157,1.3994656942735981,0.3894877274004658
4.968149067602461,3.419966527987905,1.4966366309622459,0.06293852827265733
5.180700344623633,3.5841933746506958,1.432674814086703,0.4482300288191235
5.198854880658001,3.425248608879507,1.6031927656474092,0.1745989043155841
4.245208261819091,2.6320050583453556,1.7346517778440134,0.30260291498179925
4.973804990386296,3.880229013017613,1.1985563867768851,0.2302736928368036
5.178767265710604,4.125029838288202,1.216967339978309,0.12069418294590728
5.063672772016524,3.272273274653218,1.4834753470918849,0.17167756634232817
4.496260780844079,3.4302341209066283,1.4518263618559681,0.27396074764240413
5.374899050914911,4.022123715851671,1.50277077382064,0.33024469288225433
5.040487393670086,3.520020174825343,1.7821337607560523,0.5121119673792672
5.097819797079584,3.6117243449151593,1.4298204050889132,0.19598793465650138
5.3030892315188956,3.5826442193108328,1.7308823449668538,0.31347716329750386
4.439152375973926,2.6111502921396355,1.3547132866633957,-0.1852489399236983
4.601532784259315,2.9127711162950964,1.354492060987334,0.17507149921855142
4.612026520371728,2.978177390970646,1.461668377151486,0.1457595949151655
4.772425656456863,3.382004710329637,1.3785443973394687,0.23281428583976327
4.656007611612148,3.3713452118006,1.1935229283378261,0.1344542791701775
5.027007888722914,3.237187009545559,1.1749896737545882,0.08477942992089696
5.0144779905584045,3.5830051648908086,1.2438134922469497,0.27969136622456636
4.471918984007312,2.937984581795162,1.605632614493723,0.28970077095879937
4.278756402023001,2.9682923264974805,1.4575942660561043,0.2226917026165107
5.946670085008119,3.99877878319646,1.5963810243565912,0.24226611080345123
4.813607200264176,3.4180053844086364,1.3586357729761054,0.18382830168124167
4.785278442445926,3.252083868911119,1.6458560954310444,0.23561226342381902
5.630339337366257,3.77943398866462,1.5369706150860942,0.2934597730694315
5.251669874081889,3.760589724021245,1.2777826523907232,0.1494981478121829
5.184602288330947,3.2675549635227643,1.6755381673656013,0.3837218043714722
4.72243899934466,3.463513182969645,1.5284298963194187,0.22631092877670766
4.892097285789456,3.3679068242793613,1.3852347318709084,0.1868450368332064
5.074176154738769,3.359987206467003,1.2642001319417275,0.20637214362534895
5.062802046859108,3.231376477781657,1.5013380579966085,0.3182301333370969
5.043971437206413,3.1514444519463054,1.7214114197045547,0.4337880467370544
5.2625061460031946,3.967112573116707,1.4090046418429887,0.1294384878633423
5.870236342091099,4.551323301328051,1.4776008446123559,0.3857609176562688
4.810734474242846,3.217090942141911,1.2786523536580439,0.1750220206438134
5.300895932215103,3.706853805783489,1.2992529138526603,0.3636781619923442
5.380906512644865,3.6801135411339723,1.6780849179347066,0.40915501437988167
4.9521317083591025,3.4262414630385094,1.4062866297234726,0.3583792703254463
4.980857804185726,3.482701222686286,1.6287946547155232,0.21175769295942432
5.206268792348796,3.3706764173181614,1.5320503933827518,0.2136520119433184
4.956344102492499,3.892939461106073,1.5736971287721346,0.18532166626812885
5.029603612300698,3.266403197862446,1.5229110766228915,0.0765522520192444
4.796077298396629,2.8228927193501097,1.7513376333372497,0.22614104755728628
5.166682546707569,3.5260210882803915,1.4187108895149279,0.26312974284317237
5.109887326821773,3.419637778871178,1.2082028132696696,0.09272492265251156
4.753762303218458,2.9561958172385467,1.575677760820042,0.22086909901513857
5.451948854578998,3.416983496702143,1.3172894670931865,0.2629174296236962
5.50512507185372,4.12065758591028,1.5978128370976994,0.26934199350322446
5.632314621221403,3.9117726829720385,1.403118411464397,0.14726524301201666
5.3235986264975725,3.678086479988932,1.3687226851334209,0.2376073569281123
4.650263702277253,3.397670186292673,1.0654962908614847,0.33177348924881483
5.192361622194613,3.4671054978136286,1.7259022838625206,0.11942372135426763
4.933337002895563,3.3530401003866714,1.4464361022202892,0.1826372901226695
4.842362654424855,2.9359123326583476,1.3470752746746426,0.3656683765515679
5.488869342305265,4.1638483655217575,1.446629132720253,0.3075143619016445
5.381218043159174,3.7201499254728136,1.4195105299489525,0.34200583081465386
5.307175596842983,3.298168478853137,1.5828135483138897,0.3533393677439176
5.056089923836988,3.6287616617088543,1.5092584121727268,0.2125979265432122
5.431885586921492,2.6773321034989337,3.86062068783918,1.2813247170150979
6.2898416989156924,2.693375897742096,4.446138136473265,1.2286822522879093
5.798839727110201,2.946215646819269,4.298059027626091,1.3191991733347241
6.422737558395727,2.9091440386998384,4.483227895581992,1.0948162477424084
5.468936733514964,2.8645026842679893,4.016349569883217,1.2066957992920493
6.056565788420439,2.696942329332319,4.740019961609091,1.3968845418084903
5.895648504911992,2.7239563934317004,3.7036755834857837,1.0304826000657026
5.990511823870673,2.7036385623245156,4.580949354872415,1.2275986315044207
5.120628163206685,2.4818407835383716,3.9388155395236732,1.2693379545467192
5.688776601678752,2.3784180288515917,3.7548478287830003,1.0497213286907539
5.212811117706148,2.264627238214804,3.8750255048745084,1.1470073693071536
5.9458641611802125,2.722837978910842,4.660477132958066,1.3370385226382715
5.376798315785022,2.4655237832759926,4.346389029996265,1.311928984389546
5.318629415552808,2.7026679456445204,3.684975817713086,1.27572303545067
5.780939113425879,2.3450992887281483,3.993090702175257,1.1319337669118217
5.988309539834272,2.960125221423027,4.057444568216146,1.2076159328814582
4.704838174842206,2.1441882071823164,3.751350443903814,1.3813849681552826
6.368540737857553,3.1221894064819655,4.710770728471589,1.7651025909629117
5.884275085254607,2.886764060246264,4.844071568635025,1.5777816716430269
5.285312810904743,2.7938241065508924,3.736498939902244,1.245546326431912
6.034377547810465,2.6265695987678965,4.720754725968447,1.2254909977973234
7.322882002607468,3.1894072618781806,5.695085388627076,1.711320406222057
5.34900601414167,3.093054172919514,4.1815570156171615,1.4285592296468157
6.13141272482825,2.69359142581109,4.440975573883357,1.1709590999919537
4.538451650436384,2.2995813220046206,3.2826118223191143,1.1071432752588468
5.712625468610892,2.7390161421950263,3.6136331875161067,1.173981680980091
6.253442610472466,2.59026760494672,4.475254816001055,1.202225634562127
6.152313803452831,2.5765382719372503,4.683393395360311,1.388186968445236
6.14527834917801,2.9828491932730827,4.946678841295202,1.6554382721576122
5.7342763063154445,2.4381026876348733,4.351566785229895,1.292453775791246
6.685596893954138,2.725544149133106,4.790128837802153,1.4911523578375598
6.224260312951915,2.732716630515445,4.437154340437466,1.3820182699262313
5.349072096679084,2.260688162688816,4.066224441215909,0.9721662572840949
6.071596037379553,2.8835081633046316,4.570247148125815,1.4269464647052577
5.598554776462705,2.454452134587629,3.8828477595833855,1.198186909813187
6.278588856210839,2.8836249463797636,4.273015227287257,1.391798654489947
5.804129000237295,2.1492583265586287,4.120815219963171,1.3438127601749625
6.112604516646809,2.7575781856699777,4.2884858126018965,1.2684426735230467
5.468374488086294,2.5099815059939554,4.416350470325606,1.197329526305031
5.633648870051749,2.489991202780457,3.4916095266138374,0.9200413982964454
5.24619611273613,2.8857222698795466,4.662770714665555,1.585710522754957
6.512632711641464,3.27882116179431,4.898575580384257,1.6200783736689985
6.1713658591117095,2.8489185667258465,4.303695025855965,1.1323462956967414
5.71994102373616,2.851802460883037,4.25761126078536,1.3118565539888427
5.6278133509452255,2.495458670414639,4.235913857224721,1.2566134094181673
6.8605780994887,2.8358262712833744,5.10888054209406,1.501489801436262
5.975911854563283,2.458282178404551,4.324342103553197,1.3098225302956406
6.439367694029399,3.018175828840332,4.2808195502985065,1.3514117924437359
6.588276722923653,3.0219358817659634,5.337559601739391,1.5812576125778928
5.78935510446327,2.7519813765995114,4.178733866368049,1.3198220740443594
5.546423530969165,2.036726793393056,3.437009581569942,0.7976066778028429
5.209370243189631,2.6922516610193785,4.040683612271997,1.453689280826384
6.696323476257726,3.0236410385578125,5.294308902724907,1.7619765174465158
5.75181322553481,3.6793965675001252,4.361773245615263,1.370393743290358
5.442132439407286,2.5759996662791123,3.3902780069752563,0.821926176895339
6.021590609073572,2.680064843087854,4.274908847569011,1.3943163203984754
7.129483429915987,2.9394397906753316,4.611309240132909,1.5387863729557607
5.594523534200841,2.75060167863041,3.776262411429593,1.3203524997884555
5.1919843495431595,2.5514003913186114,3.423840045061228,1.3371583690238653
6.059173377021239,2.621489028688382,4.054420723135449,1.3180597885688434
5.411799235749825,2.7246924738790628,4.0206345263484575,1.2957150753155353
5.3616797384254475,2.755024106890704,4.127453599128037,1.3671500583986727
6.872888496318701,3.012241748751281,4.244931044439396,1.4264128088453183
5.831098600662827,2.840666319319352,3.9573754086191144,1.250454715097365
5.712115186418305,3.3519487568706596,4.239109412998221,1.6946885369197031
5.611767331282454,2.5188018515369395,4.384138876431448,1.5290025933196811
5.357017821200042,2.558861669761769,4.124567367779569,1.1294749578638312
6.455327044875663,2.8621023951355165,4.75160631171387,1.4088284875827077
5.854098203085216,2.9233645415206455,4.787743878048315,1.461986709245764
6.172416687624451,3.0257484322662602,4.384332627638896,1.511987824288723
5.60358501050742,2.645641906388944,4.1063644331379905,1.2481280834703188
6.4688167554637355,2.985467220939278,4.8632657694744506,1.568293738897661
6.621452541931247,2.6856413128049126,3.971043236146369,1.115108076620051
5.843846550596968,2.961387903055969,4.404921927981005,1.4717903525576264
6.4420110774575425,2.887183803160111,4.6067764901313115,1.290600231160516
5.875173791459212,2.575021070437219,4.516273831580729,1.5851143983828695
6.2674740651056,3.069858615531305,4.16738576355286,1.3308338530694221
5.613412226902002,2.5413759171622057,4.127220594968455,1.3277932787629227
5.987751678226235,2.5024530813208963,4.615934867556161,1.309684466116997
6.028615896789791,2.576475789175752,4.359519280396446,1.1502809531939817
6.117211577252787,3.058702242334447,4.1293850525436495,1.3273865175651272
6.521000946481552,2.8962673543645105,4.754338175052501,1.5038340054821568
5.6769915078209285,2.398869547752528,4.338494228705159,1.1854365504602151
6.470996138304814,3.046581624585523,4.614870155534735,1.1616003523918847
5.613473652108415,2.6221036217098357,4.042126321004593,1.2360977934321833
7.132956058610965,3.2570743789770233,5.3858847855774625,1.734528466887894
5.9172269831065,2.733663974164036,4.368479384148749,1.3481785772028503
5.838710538405123,2.853998639889369,4.496998485227014,1.3511623980805054
5.149863050513911,2.3343410611267776,3.7524851341698886,1.2085312460380764
5.725369855329447,2.696357624111845,4.373067809844646,1.314925457553481
6.491473244581984,2.7565435204284543,4.174336021971957,1.195941862121905
6.536242405441801,3.2160997070135626,4.481419584671966,1.5452595055358964
5.342645152020764,2.296405115113918,3.825267636346669,1.1024166455255848
6.170967048519121,3.087035376969137,4.185207204601627,1.375030352327939
6.126466199463049,2.7926189519500184,3.662802088604863,1.1328038377114669
6.004997499029402,3.094500736461359,4.4501495664632005,1.4652678255642033
5.915737584327292,2.8548388000727942,4.157960212921625,1.4087855112579024
6.410414678766401,3.1532379983742214,4.379450810982276,1.291681791285618
6.0376226744507,3.0736176545268585,4.668180781798044,1.499023909949583
5.847951305038348,3.027854869454924,4.426356250345301,1.4843332315507207
6.275815958589205,3.500372395182387,4.371588038213684,1.4491205129374745
6.137585155734042,2.452399012630395,4.316398959042442,1.284673339677371
5.655764772373443,3.0601217178076405,4.2233236856474505,1.5915446020470105
5.83860521489195,2.278920094495957,4.195874126408876,1.308860907569534
5.640171218974036,2.7609195776608586,4.45153195523575,1.4855758655936144
6.410728827574746,2.826540427152778,4.767036192276971,1.481128554754198
5.598734613265735,2.5015216785382615,4.149435379690552,1.2144157089455745
6.035644984977212,2.7328254480509426,4.230116988816675,1.1482635230348397
6.584520975871959,2.651428106447497,5.005137737469397,1.3831943382352585
5.5975592738552145,2.794438021372853,4.125930803223984,1.2039020860835297
5.684557892778237,2.898328661710028,3.9668796552460392,1.396623983373344
5.720947566417045,2.740728933825285,4.327775986219174,1.4421521553553651
6.290874200663149,3.0503489857853157,4.6936719132167,1.5850123973692491
5.7323837972894465,2.2340872059650287,3.540327992019413,1.0325920912727833
6.965466379161315,3.028235413351121,4.6973153893940545,1.211908946986733
6.276193126071493,3.12212824274941,4.7028197405804635,1.5651416244687435
5.668264111921416,2.3972344368266407,4.079564818958502,1.253988205902879
5.03744521030311,2.131552883451377,3.1097347894620766,0.7420671962284893
6.611653623946273,3.2680091608730075,4.513128694867013,1.358248235421032
6.238669887756137,2.8172996219478104,4.545504893370915,1.460370059660339
6.586479743564264,3.297069302838295,5.203826613345116,1.651863480753235
6.736621613956482,2.515589194648092,4.856772631893735,1.4710091582561309
5.985979847465395,2.7920433231066717,4.334677612221665,1.2089927949474475
6.924689736233756,3.2503138069472666,5.125990284019595,1.567404592664801
6.303798403649438,2.676617321785605,4.330081606338274,1.4961460468208434
5.944085669948274,2.426148531294746,3.908416866492514,1.2965046315574986
6.240663054927839,2.861659065456156,4.515186239902878,1.581264761372029
5.767273293229088,2.64342056893594,4.03760860240773,1.2802667911571124
5.852949341676496,2.8434937390707926,4.4959433093551775,1.374336442078374
5.301373761761915,2.680275685719126,3.394656319512418,1.1854260864302137
6.245898326200484,2.867924930217513,4.749626966667608,1.6312922941499606
5.545817950101746,2.6609622949866534,3.858681291352439,1.353955224617703
5.749586568263155,2.478653592702263,3.9454530726272163,1.1237174858710368
7.096974928072591,2.95531945161897,4.928092968561871,1.6015799017480052
5.909848099596029,2.562880104015413,4.52921323532242,1.2919737943933463
6.168556451837369,2.7999715296563097,4.471633219648826,1.2529980026921042
4.866373708361221,2.3268514521381376,4.4809604083821055,1.5288348841420065
5.069588466020146,1.966596995673624,3.1970265224002103,1.1231550243897064
5.437643787414565,2.3619689029176714,4.013800997015153,1.1816794271586606
5.080721951513423,2.876973500756201,3.515184381008837,1.0882711361907615
6.243775468802682,2.6359596809315207,4.1063223763162675,1.1613573035738674
6.490858562060927,3.2409523598900716,4.178006059258309,1.518807625683019
6.391970110681226,3.057550135451319,4.817585045586786,1.4866155971872723
5.755206966245676,2.6744266996846338,3.868801413820063,1.11920523140828
4.840864866984492,2.209103514602017,3.6860677175424703,0.989782511154959
6.099916239526815,2.8976278428708913,4.3140385861514385,1.254675669555256
7.209819126387886,3.5529276167192183,5.386343770281696,1.6107569935420978
6.991415120389198,3.104197842281958,5.090060370663521,1.5500189403296512
5.830145313329012,2.795096009413438,4.200757578437849,1.3849795034512888
6.125212257532268,2.910978252521887,4.559291867480741,1.5046473847240691
5.419525993637188,2.424856413891843,3.6789483969075167,1.1947807218363562
6.176293581014023,3.131444073035423,4.171758096575219,1.3338786960576812
6.46299825508704,2.3713595992784744,4.855141639408736,1.316856341910143
7.068715580193348,2.8865879223204325,4.603583379681258,1.1424401748850914
6.087234888979742,3.017826156772407,4.431683075478477,1.3446739754934098
5.734265302361842,2.765486631551184,3.7980601065198276,1.074179476327537
5.075467473370668,2.614235264514022,3.870271415765874,1.1455564762251915
6.997384829360065,3.4125927115236863,5.243005232097424,1.636394266646893
6.350331058596591,2.8081759038319927,4.0267385021728686,1.1817510618075449
5.912820006362447,2.557450975887652,4.550296522541785,1.4085787735888866
6.600657071572154,3.1416941024705105,4.40502855435863,1.371603933085219
5.4488326402289635,2.175445493545136,4.137396029062287,1.3093387213925585
6.033379777356772,3.1583651572606675,4.818245799698782,1.4181984561977257
5.710863118956473,2.2674741190410392,3.8094880881260496,1.0670016565039588
6.074022010435766,2.8958639145733387,4.812781858521936,1.477193436758521
6.357469393219512,3.430887814852469,4.585139930648415,1.4510095235342315
5.577385838321362,2.72640723341028,4.198417037383662,1.3863129534552048
6.316616288603816,2.9548350934961944,4.375433946705659,1.3961582283502296
6.3414739618029845,2.993989591780525,4.45556032826745,1.4393043503869025
5.666104140890346,3.2243941434602292,4.0713189473349125,1.277949784106547
6.047242876930821,2.8506683433515567,3.7875223591576788,1.1983474778307528
5.1560602124560715,2.6253175866329173,4.176213956650613,1.2883635004838927
6.518883520766293,2.417840991717405,4.396335209110529,1.1414158096715574
6.392361536545613,2.6685076187048677,4.221281262790887,1.321615316075549
5.1461145317791726,2.0568576810165036,3.3212673417062017,1.0347317578143391
5.312556002390451,2.6095165990124727,3.9879090143276588,1.1584559040065805
6.876546217752955,3.2358213306203867,5.242586289375383,1.4718232286006745
5.508482880098229,2.4969835956742252,3.9502904254317937,1.1297322135554961
4.993575057762932,2.0132385568274556,3.2959379294416076,0.9515364343605718
6.1515679106289465,2.8387927415007534,4.14119275370905,1.4449087112471988
6.480966121921843,3.1127374867302464,4.825080158552323,1.5050554979765336
4.993835368597731,2.376306737429529,3.5842379061902956,1.098319425718642
6.225333952279529,3.1598575021076307,4.551896367037138,1.439507041969575
5.678869101910797,2.6511016676764747,4.238974548862495,1.2787017040091497
6.028607674664612,2.2928448221374933,3.7524437212706765,1.3333543323069503
5.785164778296391,2.366014237851327,3.9989233158268798,1.1861005036184107
5.159643693379168,2.831912539709943,4.032682407728275,1.4654470933899248
6.393456131239457,2.727473679790532,4.578593950493222,1.319330272392476
6.514945852295285,3.5052329488430236,4.684939350583399,1.6742875705926314
5.759912382021944,2.6337898856785587,4.117394614508775,1.05781364771526
5.115065968184346,2.960734400568,4.058659607480725,1.2488894822635963
5.362690397695124,2.796870774708515,3.964916714572265,1.1334563767359442
6.049022233848305,2.9638901227505157,3.858239608901248,1.4446438417224134
6.090185901308709,2.5639091844673145,4.376245506650507,1.3574465078122357
6.305171776818128,3.309804287184182,4.523337896768049,1.3217331138129274
5.967613336017762,2.483709256781636,4.042043940499111,1.0657681381618627
5.974352043295509,2.9910753269080894,5.005047267441145,1.6646350258889164
6.128350637812179,2.909145176044033,4.615087667003676,1.5173080304494415
6.7598989373334994,2.9471830746541117,4.80903823314098,1.637500049032639
5.926471901586195,2.757956875689613,4.392233554886547,1.4246931994153154
5.966336975908347,2.824330284149779,3.6187090134534667,1.063546311472529
6.828708804426575,2.7830964569460517,4.498611723272256,1.3562143487158558
6.097095942457638,3.1390984004003513,4.14491387185407,1.0623587728702586
6.2070093452629385,2.639414493552523,3.9512912135434104,0.9533051009409235
6.53042340799896,3.166143376289183,4.945305089084835,1.501999384655245
6.1081855932140945,2.9218990041042834,4.594285052485357,1.5000028889130042
5.899229176090517,2.414810012238175,3.901367184251838,1.2116196684203273
6.840742220980947,3.006234261055374,4.662437071986934,1.102176854790728
6.567013137492283,2.9121566026057817,4.591064867736659,1.3493936137649245
5.5161887195451715,2.492702850643284,3.802724026468393,1.1160293416091416
5.070617414893511,2.520261559661014,3.6291848795051447,1.0435302742808905
6.121136973457225,2.7637884602669973,3.9268682681681364,1.1722410934493006
5.302204439656155,2.5129732433652947,3.573301589983396,1.0607404469257924
5.904857998243543,3.1334350596699903,4.182847532588134,1.3368775258435264
5.458760729429979,2.749569126186424,4.790157222414977,1.6380598052504656
5.91593397755694,2.735776188295984,3.8755644304381156,1.251014576403414
5.523800006227126,2.600520647724318,4.03530115540024,1.3594639680651102
6.191874364470127,2.58391436377687,4.374501783525187,1.359417471761244
6.820469572668914,3.04585181733595,5.032238622639181,1.5936207424923203
5.316951694200523,2.846695981732612,3.6957503951191883,1.2480112688371015
6.44653580591949,2.7134130775829624,4.844534477122789,1.4183216159092196
5.536530944471318,2.199321275030684,3.5529862191689756,1.0220865397031555
6.745549233787905,2.92713903123843,5.138583125495095,1.6966211323075866
6.047026881872007,2.8429083719817054,3.9908678413811103,1.432571222472865
5.527044944612915,2.4402115254798873,4.326274807146654,1.2514737150494624
5.819584590461681,3.147744146359289,4.196621817903048,1.2342707395253198
6.391065564234351,2.8988666428974863,4.8654625783695336,1.479181213022381
5.711291085155273,2.7035578747040945,3.9386168385889406,1.1286873095869543
6.605156391072886,3.106317412962587,5.186130313874512,1.4773913091338926
5.907032123498846,2.847037960218028,4.181329362234952,1.212873162002518
6.318023273178623,2.1730805962293633,3.7639455034452176,1.2501280273434539
5.3679586943937805,2.243229641692035,4.097499138180015,1.2568553654758978
4.6419918501566535,2.343125672858683,3.5057767662569654,1.1723960767564214
6.372263471363689,2.894090175479913,4.841260344533349,1.556302753642491
6.468846445357596,2.6678355344390656,4.23156093368328,0.9883234900315858
6.3109797994118235,3.3634679030439356,4.750566903210664,1.389587319705849
5.165093513410676,2.775538356796724,4.472314392539581,1.4012448930748655
5.8924646356854495,2.9081513902085696,4.158339242470659,1.213309023100307
5.918285283016823,3.022653909425283,4.405954859239069,1.3481035487359798
4.99222600491397,2.7131547997661674,3.747685421025433,0.9751563158696237
6.48636120934397,2.8021610013883733,4.214669734153603,1.1683004064971594
5.515280476411077,2.7531047708247267,3.8511431478440787,1.250557640943911
6.0332771428434375,2.3413909774618427,4.475184778912366,1.1640542341478
6.059216874165739,2.586931931726855,4.072572075314803,1.2275396172942574
5.394157379606275,2.2652292616806333,3.692486709734455,0.9768209171733849
6.414101449287147,2.8594343459817777,4.470960685531271,1.2519339224831858
5.698301419009311,2.625612040906125,4.2456515069936716,1.3448297297190266
5.840361674970056,2.6915813263463746,3.8667832275934506,1.1384368674618446
6.544076106021629,2.678218803735548,4.4875959583002825,1.3084421518513367
6.410641489424575,3.7114169380924777,5.988429706669532,2.111923002816257
5.899556735099424,2.60639203459517,5.576125531830671,1.6616675021769454
5.381183878890663,2.3162489840876965,4.633695610783648,1.6895279190092756
6.441193095262403,3.2966765014846806,5.529386316801236,2.056509333476677
5.919825386343119,3.799011545153283,4.205270464378651,2.171508700590297
5.874056946052243,2.4860302504355225,5.149187446520731,1.7913988089204744
5.770565684774361,2.751521686644095,5.173761299175689,2.050339359805571
6.536900998119774,2.9018975986403315,5.485759088176587,1.7778313305820463
7.147908274684569,3.305983100900306,5.849500388610902,2.1482432070821287
6.27500038288332,2.84872167536295,5.177003826764197,1.846634321075153
7.0545590577273805,2.763273587156513,5.862177849490619,2.2287804404212523
7.300935519094731,2.8219032741670764,6.095073714797735,2.30701589073304
6.6990248266967765,2.889701303111358,5.684665103576511,2.1861110072272147
7.5383491594133645,3.424223356840171,6.293459637553499,2.4577938650145725
5.985255741923185,3.0379534629549556,5.405646196106157,2.171599460985997
7.423718161550517,3.086098905366526,6.671780548533635,1.9674200469005558
6.443424164899441,3.136594510569643,5.33059776721869,1.6645848797152776
6.4302373071084284,2.665778960971734,5.211529014915318,1.7780514126554654
7.29681785139965,2.878331473651518,6.129492050132429,2.073921372865822
5.904495005921495,2.617899154367207,4.499882033311774,2.4827294619469935
6.730201392180232,3.2318058016907694,5.539835506142384,1.9603552154909198
5.104497981037026,2.7175569534381214,4.093852276989339,1.4852787033197172
6.828152215559427,3.1019692783165826,5.699384977470147,1.8490440444550191
6.947743507417298,3.3493101559313367,5.689673831653844,2.35844064923027
6.932695333512613,2.7630710754208456,5.693060970982077,1.632811478762183
5.513639971313398,2.617902774096545,4.924465658228418,1.9699335771852637
6.147347443779852,2.7762440515955724,5.190455523970321,1.785745765372696
5.201651938842057,2.8914024019008067,4.214277857196802,2.1387273614211084
7.853079006294407,2.964880356056589,6.258622838705566,1.766380381921742
6.346139559013691,2.7785800492732915,5.438359345757634,1.7622840288593191
7.19911550460563,3.510372003229311,5.690988007787736,2.275382321082121
6.948773570080591,2.151707989731036,5.668226391134733,1.4089044290915202
6.530931965475567,3.2656190385216,5.844465119469612,2.2148460368895417
6.812646315033629,3.570728917290369,5.728464756906505,2.32215901774538
5.483368951217262,2.763388199028191,4.101989180683099,1.7298351208284224
6.00157969200278,2.7181672815914704,5.224593703759285,1.772251746028289
6.232689309930848,3.0080287914493224,6.013049039602572,2.541976449532889
6.602156587847049,2.7584762742977684,6.118188586146637,2.055968199330385
7.030530959266371,2.966151692469002,5.768052476112762,2.05822917386634
6.468155941750381,3.332811605919813,5.326347821424969,2.035452150860352
6.379523118612843,3.23222636090779,5.1242397655898,1.9940492020371523
6.248728504709965,3.2313926140273224,4.988031789890501,1.6749329497063088
6.05787800608188,2.7805802454435886,4.981530419688383,1.8494297055586189
6.257994366450425,2.580780698872147,5.242376880037997,1.5936916052511836
6.504664848692995,3.1281823430510003,5.539687579472404,2.1979352825800333
6.892689070364298,3.336382226783978,6.041664418423504,2.3550274507650806
5.358861091167209,2.2753352260919124,4.975582254620939,1.8823934528775816
6.686486014439704,3.042635548238604,5.900476543848445,2.1013059434399417
6.715129105059011,2.3894874998438356,5.387706377047217,1.689786614216448
6.681409711866596,3.3289509263361063,6.064835326452013,2.18197984485064
5.796001915333007,2.9324988205979343,5.618911301614876,2.0276476001471972
6.781626544815674,2.7824072429589,5.701813109342851,1.9267620390706135
6.045311151700926,3.5279212020237245,5.089114310116932,2.433833896384722
6.597774074229894,3.1356524512380135,5.185994461594093,1.9888005703946043
6.618856632358201,2.8724922958040024,5.263676038811821,2.146176260310908
6.813884634783321,3.3805285219457732,5.807887640500517,2.3773383144176092
7.107778769165612,3.01911518961952,5.923081908324031,2.0111928461460677
6.783248562148464,3.4720214222537638,5.6225800534106405,2.396912855505506
7.575408164456339,3.4481073842013483,6.005157865535195,2.1883040047463136
6.214300615113959,2.4451389496929004,5.425039307679141,2.0328224990791948
6.897633926536417,3.5343256194775226,5.921210460896834,2.5034454530324988
6.468251755563456,3.241832177416335,5.531357691281889,2.441209777830014
5.680630926879792,2.7774994945369613,4.852763152879724,1.8827316849652274
5.871389681382395,2.624780560547604,4.956807393752177,2.1761756172713094
5.816719042706358,2.4238406131919756,5.13601853807066,1.7538724231413076
7.249663628241764,3.346657390588242,6.23701865573171,2.2741930740709457
6.3441095438894735,3.1337226023946725,5.1999751551363715,2.3262627450453928
6.258065021558308,2.8462158578453143,5.00460248303788,2.2365564685741264
7.577394317898803,3.5521888307054725,6.2235798454569045,2.621306306174735
6.5115121216087575,2.439308189957034,5.074732679901586,1.3990224025124105
7.195679786250301,3.088705726159933,6.502989146744789,2.275657276743407
5.7661416135345185,2.994048781885274,4.7478937256184714,1.6981955290475332
6.885770588852435,3.1917917073844726,5.96653430603101,2.0737686909412076
6.324189239497428,3.103072173646226,5.068466524837817,2.1025444894233813
7.591124415470663,3.239002811298651,6.362125463422059,2.504882644083397
7.2145790183164875,3.5835592781633316,6.174894647536133,2.651551480846816
7.802505054459817,3.0529045401219914,6.535929824765227,2.131508679360758
6.645188803604587,3.2274704865444814,5.632794927754556,2.264787146956222
6.610597085872925,2.7064325659595427,5.349454432522493,1.7587805734607933
5.757658151018839,3.45513003929919,5.096445334498144,2.458596431227469
6.866627237726488,3.445754180880009,5.324903025445186,2.7007208841889074
6.762095732924546,2.92146018122856,5.517907264695826,2.0485297637949373
6.258802662041957,3.1966217630245413,5.1676654605652725,2.2254049653493855
4.929433097383502,2.7503083911710764,4.096564906178381,2.110432667674754
6.800269724949197,3.0140573594381426,6.059847602694115,1.5032234013518686
5.751959896768611,2.9863593408309828,5.132774641482334,1.700288546898613
6.2293659889749815,2.624483786237622,5.54785096064037,1.8250531408044617
6.615329905210493,2.9673048120121193,5.531708449698778,2.2767654129484685
6.943242017049145,3.520265120898985,5.759314555348631,2.048219148279709
7.402060512148973,2.649318990674521,5.967688878625388,1.7390933391695405
6.5042887899265525,3.1442116751278135,5.296439410385401,2.0939538075328907
6.539308653132958,3.0457748018861,5.338642628172711,1.876271637771005
6.040596208410664,2.779965233776611,4.907736663827853,2.103056713427983
7.848838700392857,3.3577281908972436,6.122072432036977,2.141359800494273
5.989710722204802,2.5280988601066294,5.381296214895214,2.0985142373958343
6.008776998060134,3.3396109181654943,5.191044774109888,2.338694132131438
6.652318737183452,2.74866269636503,5.534186800253158,2.15346934802331
6.387128159292521,3.0480689210928866,5.005351310062586,1.604877450996363
7.56335323223776,2.9375168837057157,5.985266400210373,1.9330486353337104
5.993827049282821,2.9226613681296043,4.847965369846882,2.044654341755199
6.294014034761747,2.759560326219378,5.367126420356635,2.016554251216562
6.671414153026385,3.1349688728708474,5.384221027917618,1.87828607558459
6.7209030413511135,2.967267511390643,5.490316853327631,1.994079024047999
5.816728101940575,2.8343288464146057,5.200563972951747,2.175058593121272
5.146272105847303,2.3887990356666,4.39651149913556,2.09311940621226
7.122474355128174,2.861581644279613,5.436248001828939,1.5753989149753114
7.546986341262925,3.333634516125639,6.505385510637143,2.5969325670915486
6.520453114661075,3.1778110956096572,5.797178306540618,2.1346858868373286
6.3586943266914595,3.4725668631898037,5.123587172093962,2.3793325285727525
6.189930535484795,3.208454981994407,5.583608959649438,1.8783476282179121
6.816457570549951,2.9946881560073426,5.945772864594063,2.1352587678807358
6.652914511463483,3.152631487372899,5.244211644471675,1.9597612894091938
4.5959255131832135,2.473638872712733,4.058063145560685,1.6908620062638577
6.4420473565747125,2.2455316078104053,5.406427006708654,1.7573248860097248
5.955191145328149,2.6060665630456437,5.158776961418811,2.0514925962377437
7.24589575322544,3.4648690925906074,5.835120224946047,2.0625528944219713
6.084294661693535,2.7391821525680915,4.593340402528385,1.7764696646387423
7.275815025678291,2.6902043755267613,5.6298889203681135,1.8688290018540878
6.3388947505412165,3.0009823521064587,5.757901225089398,1.8237715917125978
5.994972549557979,3.4245197384131756,5.269247861335718,2.393964857444863
7.1238751284252935,2.8449237265391103,5.966993489287127,1.954038551008796
6.7481026451454404,3.0297785046789483,5.262086172931623,1.3682921543013358
5.461747204310784,2.54998610583531,4.315705087818542,2.0236163702233223
6.739695693041138,2.7369366615614448,5.737678666491586,2.0677144390367226
6.597455430914195,3.043045324623808,5.265316132473982,2.404503870162737
6.324027721140677,2.2987281975212417,4.954496086124597,1.9959374117456057
6.4857115415562125,2.957055052244718,5.383481751792049,1.9428193835193013
7.05078365339531,3.092267471522144,5.865283422892731,2.465051044622456
5.802665316852222,2.5911915992284604,4.6762958782936295,1.9452370451441285
6.219129487485899,3.2703050750051705,5.127472194679721,2.5248707279993514
7.33893695020418,3.2653813828843146,5.7624838828205815,2.3721817921506303
7.85060173541873,3.139358368494899,6.730432842416407,2.3079312842966258
5.726275619170889,3.1081824338248034,4.7825484545412875,1.805682827075688
6.227932650321708,2.8236902472861543,5.249793903075963,2.072788177717386
6.658356610601037,2.9695521149352233,5.70037615086157,2.061568696331266
6.875883894133097,3.1652873578039014,6.133813458644846,2.214941043077288
7.2443199106365235,3.2328400527109156,5.971665227803841,1.9265974099063212
7.118087445309003,2.7508760039911437,5.685347051744531,1.9234746596035044
7.314921985709899,2.7214310887762436,6.029168416378058,1.4540480026975917
6.205958340599282,3.7166095094054468,4.9001263111440965,2.2757338115150927
6.862574023892564,3.040222495921664,6.0332976343287195,2.111268158275874
5.612213594281933,2.895028196891835,4.451385700629762,1.7498717737084915
7.031802339902029,3.4494019195317365,5.950082369297781,2.3106861411247595
6.244366045109239,2.8878024538875016,5.539823085831638,1.8575293830799446
6.257957607412845,2.6211031720661215,5.270462297161223,1.8695424902989
6.332506161349347,2.6356880158682916,5.62919241729537,1.7936472515793893
6.450778843130457,3.0352467597594406,5.678357871051545,1.8520395068892217
6.566315025433161,3.1083887074002576,5.35721474388841,2.48538508966169
6.778080033424855,2.4155528855744746,5.39278137789157,1.8294738086173405
6.48154208108428,2.3685602036273883,5.161349272205099,1.7010349248537786
7.055713699962648,3.0665241708979143,6.174213058767513,1.8689155248270064
6.864661390367006,2.832034625453372,5.315905817050367,1.890396756493589
6.023568572606295,2.8195268370956894,5.127576248023911,2.089465587914731
6.15955620888561,2.4597463682025187,4.93453217451141,1.668207750764586
6.473336656245864,2.827645591658406,5.142867510916505,1.7883229821280526
6.675861033596334,2.8176608807018355,6.029465333276948,1.9291939510258125
5.434028377535282,3.066771938833548,4.797079648173173,1.9593051895774714
6.0331343705288525,2.8162010303697174,5.023138436973664,1.4149101607888284
6.320967849165487,2.502086182308697,5.26683466844242,1.4201115699247244
7.004604573704907,2.712224480980153,5.672934885294326,1.8994284722185457
7.899857922587667,3.53346619679796,6.619138549842603,2.594886191372557
6.1115645128987905,2.514171550322761,4.775799945905148,2.074132210318612
6.691439655088252,2.7826837269636164,5.663247614781284,1.6628219662965704
7.280772601495637,3.072347544477065,5.853122696244523,2.09075323491621
7.836254645838386,3.6534079060653157,6.188632992044143,2.525853628383435
7.16213993985247,3.3449186259288797,6.566929871809761,2.288273629275258
5.9446287174772126,2.5113677055613453,5.315681829567172,1.5482988400710314
6.565087776094082,3.0950250019515964,5.238889321649365,2.2621352418057445
7.319506071082604,2.9289070808419693,6.306994489856391,2.1875206144073056
7.114826159561954,2.9364262418209908,5.980346490752708,1.7388219557951015
7.38484021722293,3.6529855750162303,6.073583506623276,1.9614383403608888
7.454409044648669,3.2498007272589255,6.71228370801968,2.041211060337718
5.787148222013954,2.900604444733649,5.18736869481517,2.205766133388293
6.2243986210548385,2.5075959349961723,5.182488078273908,1.7219177355518058
6.439983021874693,2.6741871111009883,5.750032900009294,1.9276341435194262
6.359250641112414,3.002930564359664,5.581561516457262,2.2585232193789446
6.61554485518099,2.8555066666538726,5.383781389487145,1.7419805082189201
6.616066094996541,3.3671508539199055,5.51560274506481,2.3579041313246702
6.47612497666109,3.0719408596282283,5.449340515536911,2.240981320351134
7.022674266384441,2.4280892932627944,5.9416770271736645,1.6038002982597548
6.89511644495302,2.5445851447451,5.682404899217632,1.8730109950763085
7.097161214647244,2.647755186370507,6.145348239119502,1.9009092043389226
8.113741668374317,3.298712206279094,6.385351307952653,2.2028669236912024
7.103838627812827,3.122223419096493,6.140035858592762,1.9305226094058237
6.115282857583662,3.019826272472864,5.365993188096855,2.084846075585877
6.136339727994691,3.527139630180322,5.3568117997771045,2.0108237701734724
7.358350113633719,3.3901645265325593,6.39732968544673,2.4157031398508453
6.986793451131971,2.9181016865842064,6.109476380786013,2.245314288103552
6.4018558132753896,3.096320908385872,5.547094562800563,1.667751021956037
5.963004598349791,2.80511055015815,4.8790857932502245,1.8880908030904209
6.5551833936670665,3.000176363628022,5.279852565073936,2.0422586026287903
6.0640619448481425,2.4186232947767423,5.081615931151551,1.7038777326648842
6.66349851603287,3.1489466890761926,5.722333492842074,2.0041480836416476
7.250811080019787,2.6698722298951045,6.293573138218649,1.7662419418509616
7.066604327546537,2.7725410990935964,5.961679490389098,2.032509962931175
6.6369648074785585,3.724156089853427,5.823680442196135,2.3516336088682186
7.4045104910183115,4.005969452048815,6.074220813228584,2.8579813526272755
6.897527800717681,3.308590331869213,5.737853887178652,2.332691320043054
6.645602471240493,2.8165247811554392,5.52571161245808,2.0013818338495475
6.188607175499885,3.191800885184335,5.14687056748453,1.8693258170755238
6.7259643073481366,3.1899592372118604,5.940937523607243,2.1004985012581168
5.926246111171734,2.732165508740683,5.194766105936565,1.4522826097040333
6.128868441270904,2.887694764590783,5.3076872381123925,1.9164622992206957
6.63555783476562,2.5989225157988782,5.74757728676991,1.6547601487528398
6.597309237847899,2.9104714590875354,5.515676679965297,2.0202597888165226
6.934170881649943,3.092962054851048,5.746186673437903,1.7681709868537578
6.791864739060055,2.428415854579747,5.643533770600902,2.0101183904488926
7.043196322334789,3.1463719433634454,5.681880022228949,1.9650225379625756
8.696776790621227,3.6869632153577268,7.323730691030471,2.703465338862217
5.631386202749441,2.6665551305954103,4.450463548619203,2.1327983348292325
7.14343064444138,2.438239179835753,5.851185815912392,1.5032340392900103
6.562291968739422,2.8389153021513844,5.334341144466336,2.051232216952217
7.071793004174231,3.4681698791855897,5.633569946061351,2.353901088001298
5.842137358655529,2.451541870275359,4.928250750429693,1.4329911969560025
6.456378496325166,3.1314542202777793,5.095548311170296,2.1406514852949337
6.573319498239468,2.7531311930310585,5.33480395644849,1.548731824627403
6.005504917171829,2.927049367331903,4.867232154035179,2.465399523359121
6.362555569616669,2.8144228887922114,5.404362073573168,1.838982399299063
5.881023684120803,2.6271443908185064,4.777007622334943,1.3182068480192044
5.686245836650294,3.2106222508160998,4.881551491483955,2.054687578221434
7.85506091647967,3.5402210262844918,6.272813254104973,2.22465174558089
7.848917261318665,3.309024857317094,6.906557941160383,2.5248065225798344
5.941124892016441,2.5394974815932727,4.9973308597690425,2.207401189380097
6.852143824110948,3.2630832555361544,6.065951416748569,1.8817885148669837
5.900727439395175,2.6012893993676354,5.101602160935039,2.091551438408829
7.570687522781157,3.5711472690202246,6.9449447062133345,2.4551549777748174
6.997288909349042,3.060649649106207,5.5107158485962975,1.838001415203983
6.074941751635755,2.8994863531377004,5.341273647172693,1.8556210563702138
7.401526601963406,3.3424962699893723,6.252843004352897,2.462935508332255
6.280165901144452,3.3292224028818516,5.192290478702112,1.89832266993848
6.873834201678659,3.1060339877283742,5.856241683222456,2.1929777543843967
6.73009067348528,3.533974533774499,5.323057719220549,2.0661440207593302
6.65825014558328,2.9277655734068406,5.746860926476293,2.418789760798635
5.775241150681862,2.81393955465575,5.005580981304685,2.2429159945022996
6.099742789457687,3.06621264474601,5.397186101031271,1.9775145000423267
6.682880884654024,3.211115042422307,6.136043583704425,1.8824793481567552
7.517840350628209,2.9706677208571084,5.969062716330842,2.0194274518886646
7.552235458932741,3.30923482509516,6.3477255461461475,1.8907365017203541
5.766758264339277,3.147426462359501,4.927638864692752,2.0490267396732365
5.795528487641172,3.146593767820453,5.115557780666388,1.8146437135841378
6.067212686267793,2.8567264431629678,4.878098751562952,2.150978306522739
7.438023961091314,3.207062438194005,6.179517718601156,2.5344736718359284
6.749543056627153,2.993043597285815,5.3597475132646215,1.804593685274378
7.252374226273954,3.583471556956569,6.523587545257447,2.420144298766764
5.925032151115442,2.740483730581572,5.1155536029524935,2.0322351603579043
6.257038730988838,2.6536417792562474,5.327268686786512,1.9966997127700503
7.590775416145766,3.191032654716355,5.872742612835548,2.4351837752794427
6.090378357961249,2.6584031779412056,5.387287401373517,1.754563571838941
6.787045827034992,2.9482252666032447,5.977863592798095,1.8004708216165324
7.007531894122997,3.392834721149598,6.098152842309994,1.7773712608297736
5.9978987388423635,2.9940211339009632,5.485826122917519,2.433319920499355
